<?xml version="1.0" encoding="UTF-8"?>
<project xsi:schemaLocation="http://maven.apache.org/POM/4.0.0 https://maven.apache.org/xsd/maven-4.0.0.xsd" xmlns="http://maven.apache.org/POM/4.0.0"
    xmlns:xsi="http://www.w3.org/2001/XMLSchema-instance">
  <modelVersion>4.0.0</modelVersion>
  <parent>
    <groupId>org.noear</groupId>
    <artifactId>solon-parent</artifactId>
    <version>1.10.2</version>
  </parent>
  <groupId>com.cym</groupId>
  <artifactId>nginxWebUI</artifactId>
  <version>3.4.0</version>
  <licenses>
    <license>
      <name>The Apache Software License, Version 2.0</name>
      <url>http://www.apache.org/licenses/LICENSE-2.0.txt</url>
    </license>
  </licenses>
  <properties>
    <java.version>1.8</java.version>
    <project.build.sourceEncoding>UTF-8</project.build.sourceEncoding>
    <project.reporting.outputEncoding>UTF-8</project.reporting.outputEncoding>
  </properties>
  <dependencies>
    <dependency>
      <groupId>org.noear</groupId>
      <artifactId>solon-web</artifactId>
    </dependency>
    <dependency>
      <groupId>org.noear</groupId>
      <artifactId>solon.boot.undertow</artifactId>
    </dependency>
    <dependency>
      <groupId>org.noear</groupId>
      <artifactId>logback-solon-plugin</artifactId>
    </dependency>
    <dependency>
      <groupId>org.noear</groupId>
      <artifactId>solon.schedule</artifactId>
    </dependency>
    <dependency>
      <groupId>org.noear</groupId>
      <artifactId>solon-test</artifactId>
      <scope>test</scope>
    </dependency>
    <dependency>
      <groupId>org.apache.commons</groupId>
      <artifactId>commons-compress</artifactId>
      <version>1.21</version>
    </dependency>
    <dependency>
      <groupId>com.github.odiszapc</groupId>
      <artifactId>nginxparser</artifactId>
      <version>0.9.6</version>
    </dependency>
    <dependency>
      <groupId>com.h2database</groupId>
      <artifactId>h2</artifactId>
      <version>2.1.210</version>
    </dependency>
    <dependency>
      <groupId>mysql</groupId>
      <artifactId>mysql-connector-java</artifactId>
      <version>8.0.28</version>
    </dependency>
    <dependency>
      <groupId>com.warrenstrange</groupId>
      <artifactId>googleauth</artifactId>
      <version>1.5.0</version>
    </dependency>
    <dependency>
      <groupId>cn.hutool</groupId>
      <artifactId>hutool-all</artifactId>
      <version>5.8.3</version>
    </dependency>
    <dependency>
      <groupId>javax.mail</groupId>
      <artifactId>mail</artifactId>
      <version>1.4.7</version>
    </dependency>
    <dependency>
      <groupId>com.google.zxing</groupId>
      <artifactId>javase</artifactId>
      <version>3.3.0</version>
    </dependency>
    <dependency>
      <groupId>com.github.oshi</groupId>
      <artifactId>oshi-core</artifactId>
      <version>5.3.0</version>
    </dependency>
    <dependency>
      <groupId>com.zaxxer</groupId>
      <artifactId>HikariCP</artifactId>
      <version>4.0.3</version>
    </dependency>
    <dependency>
      <groupId>com.github.whvcse</groupId>
      <artifactId>easy-captcha</artifactId>
      <version>1.6.2</version>
    </dependency>
    <dependency>
      <groupId>com.fasterxml.jackson.core</groupId>
      <artifactId>jackson-annotations</artifactId>
      <version>2.13.1</version>
    </dependency>
    <dependency>
      <groupId>org.apache.maven</groupId>
      <artifactId>maven-model</artifactId>
      <version>3.0</version>
    </dependency>
    <dependency>
      <groupId>net.jodah</groupId>
      <artifactId>expiringmap</artifactId>
      <version>0.5.10</version>
    </dependency>
  </dependencies>
  <build>
    <plugins>
      <plugin>
        <artifactId>maven-surefire-plugin</artifactId>
        <configuration>
          <skip>true</skip>
        </configuration>
      </plugin>
      <plugin>
        <artifactId>maven-compiler-plugin</artifactId>
        <version>3.8.1</version>
        <configuration>
          <compilerArgument>-parameters</compilerArgument>
          <source>1.8</source>
          <target>1.8</target>
          <encoding>UTF-8</encoding>
        </configuration>
      </plugin>
      <plugin>
        <groupId>com.github.shalousun</groupId>
        <artifactId>smart-doc-maven-plugin</artifactId>
        <version>2.3.9</version>
        <executions>
          <execution>
            <goals>
              <goal>html</goal>
            </goals>
          </execution>
        </executions>
        <configuration>
          <configFile>./src/main/resources/smart-doc.json</configFile>
          <projectName>nginxWebUI</projectName>
        </configuration>
      </plugin>
      <plugin>
        <artifactId>maven-assembly-plugin</artifactId>
        <version>3.3.0</version>
        <executions>
          <execution>
            <id>make-assembly</id>
            <phase>package</phase>
            <goals>
              <goal>single</goal>
            </goals>
          </execution>
        </executions>
        <configuration>
          <finalName>${project.name}-${project.version}</finalName>
          <appendAssemblyId>false</appendAssemblyId>
          <descriptorRefs>
            <descriptorRef>jar-with-dependencies</descriptorRef>
          </descriptorRefs>
          <archive>
            <manifest>
              <mainClass>com.cym.NginxWebUI</mainClass>
            </manifest>
          </archive>
        </configuration>
      </plugin>
    </plugins>
  </build>
</project>
